frame,part,index,hand_index,x,y,z
1,hand,0,0,0.4403010606765747,0.7256263494491577,-1.4030189277036698e-07
1,hand,1,0,0.4535902440547943,0.7386081218719482,-0.0050072018057107925
1,hand,2,0,0.4610307812690735,0.7603601217269897,-0.006779755000025034
1,hand,3,0,0.4650045931339264,0.7790611982345581,-0.006949877832084894
1,hand,4,0,0.46468695998191833,0.7888873219490051,-0.006253354717046022
1,hand,5,0,0.4426597058773041,0.7808194756507874,-0.009463457390666008
1,hand,6,0,0.4558001756668091,0.7997068762779236,-0.008626888506114483
1,hand,7,0,0.46015167236328125,0.7887428402900696,-0.006221667397767305
1,hand,8,0,0.4593537747859955,0.7783436179161072,-0.004642842803150415
1,hand,9,0,0.4363483488559723,0.7827407121658325,-0.00615629181265831
1,hand,10,0,0.45079562067985535,0.7951880693435669,-0.006015624385327101
1,hand,11,0,0.45458748936653137,0.7844253778457642,-0.0047768899239599705
1,hand,12,0,0.45326754450798035,0.7760598659515381,-0.004398982040584087
1,hand,13,0,0.43300944566726685,0.7808806896209717,-0.0023312680423259735
1,hand,14,0,0.4466661810874939,0.7920475006103516,-0.0028203458059579134
1,hand,15,0,0.44984036684036255,0.7830952405929565,-0.0018257098272442818
1,hand,16,0,0.4483751356601715,0.7738938331604004,-0.001473324024118483
1,hand,17,0,0.4322604835033417,0.7778111696243286,0.001469169044867158
1,hand,18,0,0.44282129406929016,0.7872757911682129,0.00017862067034002393
1,hand,19,0,0.4453991949558258,0.7804978489875793,0.0006815862143412232
1,hand,20,0,0.444089412689209,0.7732815742492676,0.0013025911757722497
1,hand,0,1,0.5857075452804565,0.7229767441749573,7.39019938578167e-08
1,hand,1,1,0.5742003917694092,0.7341465950012207,-0.00877592246979475
1,hand,2,1,0.5686532855033875,0.7571029663085938,-0.011812630109488964
1,hand,3,1,0.5650400519371033,0.780835747718811,-0.013008692301809788
1,hand,4,1,0.5616037249565125,0.7998359203338623,-0.013246788643300533
1,hand,5,1,0.5857141613960266,0.779354453086853,-0.006884824484586716
1,hand,6,1,0.5766722559928894,0.8064318895339966,-0.009119095280766487
1,hand,7,1,0.5681753754615784,0.8083313703536987,-0.010560919530689716
1,hand,8,1,0.5624398589134216,0.8055301308631897,-0.011067078448832035
1,hand,9,1,0.5909830927848816,0.7798240184783936,-0.0025291310157626867
1,hand,10,1,0.5803247690200806,0.8049836754798889,-0.004086467903107405
1,hand,11,1,0.57122403383255,0.8065984845161438,-0.005089065060019493
1,hand,12,1,0.5643467307090759,0.8036654591560364,-0.005566360428929329
1,hand,13,1,0.5926547646522522,0.7774307727813721,0.0012021847069263458
1,hand,14,1,0.5824779868125916,0.7994519472122192,-0.0004408821987453848
1,hand,15,1,0.5739800333976746,0.8025863766670227,-0.0015608539106324315
1,hand,16,1,0.5670502185821533,0.8019421696662903,-0.0021131974644958973
1,hand,17,1,0.5915674567222595,0.7746925950050354,0.00428693788126111
1,hand,18,1,0.5839897990226746,0.7935933470726013,0.002528789918869734
1,hand,19,1,0.5770470499992371,0.7984040379524231,0.0017512181075289845
1,hand,20,1,0.5708716511726379,0.7994180917739868,0.0016902866773307323
1,pose,0,-1,0.5087327361106873,0.19784727692604065,-0.45048782229423523
1,pose,1,-1,0.5185799598693848,0.1753292679786682,-0.43506166338920593
1,pose,2,-1,0.5236901044845581,0.1762399673461914,-0.4350956380367279
1,pose,3,-1,0.5278705358505249,0.17739945650100708,-0.43519333004951477
1,pose,4,-1,0.501861572265625,0.1756502389907837,-0.4334602355957031
1,pose,5,-1,0.4966637194156647,0.1769847869873047,-0.43350276350975037
1,pose,6,-1,0.49189817905426025,0.1779748797416687,-0.4336802065372467
1,pose,7,-1,0.5359209179878235,0.18987685441970825,-0.30972570180892944
1,pose,8,-1,0.48805591464042664,0.18962496519088745,-0.30479347705841064
1,pose,9,-1,0.5203751921653748,0.2242353856563568,-0.40148937702178955
1,pose,10,-1,0.49842631816864014,0.2227310836315155,-0.4002048671245575
1,pose,11,-1,0.5813944339752197,0.335781455039978,-0.2198449969291687
1,pose,12,-1,0.447140634059906,0.3375929594039917,-0.20767764747142792
1,pose,13,-1,0.5949217677116394,0.5311064720153809,-0.15033410489559174
1,pose,14,-1,0.43509751558303833,0.5361043214797974,-0.16152991354465485
1,pose,15,-1,0.5865268707275391,0.716404378414154,-0.25167858600616455
1,pose,16,-1,0.44437214732170105,0.7181171178817749,-0.2721114158630371
1,pose,17,-1,0.5892854928970337,0.7675138115882874,-0.2933599650859833
1,pose,18,-1,0.44381314516067505,0.7701191306114197,-0.3053478002548218
1,pose,19,-1,0.5795917510986328,0.764175534248352,-0.32642558217048645
1,pose,20,-1,0.4536266624927521,0.7630349397659302,-0.3444855809211731
1,pose,21,-1,0.5766225457191467,0.7454854249954224,-0.26564136147499084
1,pose,22,-1,0.4560540020465851,0.7466149926185608,-0.28802427649497986
1,pose,23,-1,0.5505104660987854,0.678679883480072,-0.008315813727676868
1,pose,24,-1,0.4811280071735382,0.681679368019104,0.008421246893703938
1,pose,25,-1,0.5443079471588135,0.9408836960792542,-0.05836502090096474
1,pose,26,-1,0.4864121377468109,0.925819456577301,0.024764342233538628
1,pose,27,-1,0.5475034713745117,1.1237199306488037,0.24761918187141418
1,pose,28,-1,0.48996707797050476,1.0992279052734375,0.32700955867767334
1,pose,29,-1,0.5470513701438904,1.1457511186599731,0.2705704867839813
1,pose,30,-1,0.4934069514274597,1.1207985877990723,0.3517676889896393
1,pose,31,-1,0.5471127033233643,1.211686134338379,0.141009122133255
1,pose,32,-1,0.4884431064128876,1.1816160678863525,0.21381379663944244
2,hand,0,0,0.43984130024909973,0.7255868911743164,-1.0538551720173928e-07
2,hand,1,0,0.4533143937587738,0.7380659580230713,-0.0048415325582027435
2,hand,2,0,0.4607990086078644,0.7588750123977661,-0.00676564360037446
2,hand,3,0,0.46486636996269226,0.7774314880371094,-0.007300693076103926
2,hand,4,0,0.4652060568332672,0.7868081331253052,-0.00693739578127861
2,hand,5,0,0.44307199120521545,0.7800192832946777,-0.008431841619312763
2,hand,6,0,0.45602455735206604,0.7984974384307861,-0.008329982869327068
2,hand,7,0,0.45893585681915283,0.7870734930038452,-0.006690834183245897
2,hand,8,0,0.4568156599998474,0.7781444191932678,-0.005643653683364391
2,hand,9,0,0.4364094138145447,0.7808665633201599,-0.005681138020008802
2,hand,10,0,0.4511980712413788,0.797126293182373,-0.006502858828753233
2,hand,11,0,0.4548206329345703,0.7868709564208984,-0.005178276915103197
2,hand,12,0,0.4528118371963501,0.7791394591331482,-0.004377965349704027
2,hand,13,0,0.4329891800880432,0.7785963416099548,-0.002642495557665825
2,hand,14,0,0.446915864944458,0.7932754158973694,-0.004033526871353388
2,hand,15,0,0.4501889944076538,0.784772515296936,-0.0027710183057934046
2,hand,16,0,0.4483025074005127,0.7769206762313843,-0.001870980835519731
2,hand,17,0,0.43217870593070984,0.7757040858268738,0.0002788187703117728
2,hand,18,0,0.443335622549057,0.7874338626861572,-0.0017685148632153869
2,hand,19,0,0.44626709818840027,0.7810031175613403,-0.0014238556614145637
2,hand,20,0,0.44488653540611267,0.774358332157135,-0.0006460828590206802
2,hand,0,1,0.5859659314155579,0.7228570580482483,9.65925579521354e-08
2,hand,1,1,0.5743146538734436,0.7339198589324951,-0.008195213042199612
2,hand,2,1,0.5688837766647339,0.756375789642334,-0.011195617727935314
2,hand,3,1,0.5657260417938232,0.7798781991004944,-0.012595565989613533
2,hand,4,1,0.5624043941497803,0.7993696928024292,-0.013124329969286919
2,hand,5,1,0.5856467485427856,0.777992308139801,-0.006055363453924656
2,hand,6,1,0.5772521495819092,0.8048762679100037,-0.008233859203755856
2,hand,7,1,0.5691850781440735,0.8085362911224365,-0.009543681517243385
2,hand,8,1,0.5636712312698364,0.8062047958374023,-0.009867342188954353
2,hand,9,1,0.5906085968017578,0.7794477939605713,-0.0021064942702651024
2,hand,10,1,0.5807374119758606,0.8041496276855469,-0.00409830454736948
2,hand,11,1,0.5717708468437195,0.8064602613449097,-0.005411316640675068
2,hand,12,1,0.5651653409004211,0.8030849099159241,-0.005849988199770451
2,hand,13,1,0.5921765565872192,0.7782160639762878,0.0012769262539222836
2,hand,14,1,0.5826919078826904,0.7996459007263184,-0.0005332021391950548
2,hand,15,1,0.5742098689079285,0.8026286363601685,-0.0015523176407441497
2,hand,16,1,0.5676500797271729,0.8011932969093323,-0.0018600714392960072
2,hand,17,1,0.5914550423622131,0.7761985063552856,0.00403859606012702
2,hand,18,1,0.5840909481048584,0.794198215007782,0.0022457176819443703
2,hand,19,1,0.5772512555122375,0.7986283898353577,0.0016230052569881082
2,hand,20,1,0.5714629888534546,0.7989351749420166,0.0017974593210965395
2,pose,0,-1,0.5088171362876892,0.19784145057201385,-0.38527393341064453
2,pose,1,-1,0.5186402797698975,0.17533107101917267,-0.3663693368434906
2,pose,2,-1,0.5237506628036499,0.17623339593410492,-0.3664514124393463
2,pose,3,-1,0.5279190540313721,0.17732886970043182,-0.36652320623397827
2,pose,4,-1,0.5018606781959534,0.1756109595298767,-0.3660736382007599
2,pose,5,-1,0.4966689944267273,0.17674300074577332,-0.3661161959171295
2,pose,6,-1,0.4918981194496155,0.17758023738861084,-0.3662942945957184
2,pose,7,-1,0.5360071063041687,0.1898520141839981,-0.2343234419822693
2,pose,8,-1,0.488037645816803,0.18945053219795227,-0.23450012505054474
2,pose,9,-1,0.5204131007194519,0.22430002689361572,-0.3350096344947815
2,pose,10,-1,0.4989190995693207,0.2233061045408249,-0.33513641357421875
2,pose,11,-1,0.5814149379730225,0.33617931604385376,-0.1520506739616394
2,pose,12,-1,0.4476388692855835,0.33891111612319946,-0.1525450199842453
2,pose,13,-1,0.5948824286460876,0.5329238772392273,-0.09508029371500015
2,pose,14,-1,0.4350890815258026,0.5366575717926025,-0.11648202687501907
2,pose,15,-1,0.586578369140625,0.7174875140190125,-0.21755646169185638
2,pose,16,-1,0.4443955421447754,0.7181296348571777,-0.23199017345905304
2,pose,17,-1,0.5900254845619202,0.7691708207130432,-0.26361992955207825
2,pose,18,-1,0.444017618894577,0.7701877951622009,-0.2674097418785095
2,pose,19,-1,0.5799373388290405,0.7663628458976746,-0.2982235550880432
2,pose,20,-1,0.4538426697254181,0.7637869119644165,-0.3088056445121765
2,pose,21,-1,0.5767092108726501,0.748144805431366,-0.23260246217250824
2,pose,22,-1,0.4563688337802887,0.7472262382507324,-0.24906381964683533
2,pose,23,-1,0.5501996874809265,0.6937210559844971,-0.006473302375525236
2,pose,24,-1,0.479679137468338,0.6936582922935486,0.006631376687437296
2,pose,25,-1,0.5456126928329468,0.9504878520965576,-0.06700463593006134
2,pose,26,-1,0.4865722954273224,0.9439977407455444,0.015622498467564583
2,pose,27,-1,0.5475654006004333,1.1496206521987915,0.215542733669281
2,pose,28,-1,0.4911781847476959,1.1264193058013916,0.29617244005203247
2,pose,29,-1,0.5471842288970947,1.1738743782043457,0.23610703647136688
2,pose,30,-1,0.493975430727005,1.1498252153396606,0.31909018754959106
2,pose,31,-1,0.5472056269645691,1.231102705001831,0.10480568557977676
2,pose,32,-1,0.49071159958839417,1.2045572996139526,0.17556768655776978
3,hand,0,0,0.43904492259025574,0.7252576351165771,-1.0177023312962774e-07
3,hand,1,0,0.4523008465766907,0.7371864914894104,-0.004868393298238516
3,hand,2,0,0.4599038362503052,0.7569996118545532,-0.006859825924038887
3,hand,3,0,0.4646037220954895,0.7742778658866882,-0.007507871836423874
3,hand,4,0,0.4665345549583435,0.7843837141990662,-0.007268802262842655
3,hand,5,0,0.44263216853141785,0.7799260020256042,-0.008049394004046917
3,hand,6,0,0.45615309476852417,0.7982394099235535,-0.008212640881538391
3,hand,7,0,0.4597076177597046,0.7879852056503296,-0.006903837434947491
3,hand,8,0,0.45821839570999146,0.7788399457931519,-0.00592460110783577
3,hand,9,0,0.43623438477516174,0.7812323570251465,-0.0052656144835054874
3,hand,10,0,0.45115721225738525,0.7968145608901978,-0.006085927598178387
3,hand,11,0,0.4550657868385315,0.7871042490005493,-0.0050322506576776505
3,hand,12,0,0.4535573422908783,0.7794073224067688,-0.004366728477180004
3,hand,13,0,0.43289440870285034,0.7790693640708923,-0.002231248887255788
3,hand,14,0,0.4468573033809662,0.7932469844818115,-0.003576167393475771
3,hand,15,0,0.4504452049732208,0.7851226925849915,-0.002512491075322032
3,hand,16,0,0.4490509331226349,0.777256965637207,-0.0016850805841386318
3,hand,17,0,0.4321366548538208,0.7759405970573425,0.0006749721942469478
3,hand,18,0,0.443159282207489,0.7874396443367004,-0.0013376913266256452
3,hand,19,0,0.4463158845901489,0.7816058993339539,-0.0010160506935790181
3,hand,20,0,0.44535523653030396,0.7751613855361938,-0.0001709932112134993
3,hand,0,1,0.5864370465278625,0.7240658402442932,1.0078609591346321e-07
3,hand,1,1,0.5747710466384888,0.7339133024215698,-0.00831049308180809
3,hand,2,1,0.5688290596008301,0.7566309571266174,-0.011063695885241032
3,hand,3,1,0.5654269456863403,0.779842734336853,-0.012045610696077347
3,hand,4,1,0.5623578429222107,0.7991986870765686,-0.012154912576079369
3,hand,5,1,0.5856295228004456,0.7788037657737732,-0.006312131881713867
3,hand,6,1,0.577619194984436,0.805806577205658,-0.008260062895715237
3,hand,7,1,0.5692794322967529,0.8099402785301208,-0.009515916928648949
3,hand,8,1,0.5633623003959656,0.8083578944206238,-0.009812096133828163
3,hand,9,1,0.5902913808822632,0.7800736427307129,-0.002041006926447153
3,hand,10,1,0.5805243253707886,0.8045724034309387,-0.0035845432430505753
3,hand,11,1,0.5713906288146973,0.8074444532394409,-0.0047856345772743225
3,hand,12,1,0.5645595788955688,0.8048107028007507,-0.005271931178867817
3,hand,13,1,0.5915800333023071,0.7786815762519836,0.0016818393487483263
3,hand,14,1,0.5821748971939087,0.7997958660125732,0.0002513013605494052
3,hand,15,1,0.5738009810447693,0.8032628893852234,-0.0008286685915663838
3,hand,16,1,0.567274272441864,0.802427351474762,-0.0012907113414257765
3,hand,17,1,0.5906840562820435,0.7767832279205322,0.004784116987138987
3,hand,18,1,0.5834342837333679,0.7946590781211853,0.003330673323944211
3,hand,19,1,0.5766372084617615,0.7990990281105042,0.002707403153181076
3,hand,20,1,0.5708790421485901,0.7994375824928284,0.0027995251584798098
3,pose,0,-1,0.5089534521102905,0.1979236602783203,-0.38398322463035583
3,pose,1,-1,0.5187361240386963,0.1754334270954132,-0.36501896381378174
3,pose,2,-1,0.5238399505615234,0.1762991100549698,-0.3650891184806824
3,pose,3,-1,0.527994692325592,0.17734266817569733,-0.3651430010795593
3,pose,4,-1,0.5018713474273682,0.17562901973724365,-0.3655923306941986
3,pose,5,-1,0.49669599533081055,0.17671769857406616,-0.3656477928161621
3,pose,6,-1,0.4919049143791199,0.17752143740653992,-0.3658373951911926
3,pose,7,-1,0.536095380783081,0.18993477523326874,-0.23285804688930511
3,pose,8,-1,0.48801755905151367,0.18944832682609558,-0.23751240968704224
3,pose,9,-1,0.5204946398735046,0.22450761497020721,-0.3338150978088379
3,pose,10,-1,0.49925336241722107,0.22411075234413147,-0.3351443111896515
3,pose,11,-1,0.581415593624115,0.33636200428009033,-0.14762458205223083
3,pose,12,-1,0.4479079246520996,0.3394423723220825,-0.1595877856016159
3,pose,13,-1,0.5948819518089294,0.5339905023574829,-0.08619963377714157
3,pose,14,-1,0.4350917935371399,0.5375286936759949,-0.12294653058052063
3,pose,15,-1,0.5867529511451721,0.7180414795875549,-0.20681670308113098
3,pose,16,-1,0.4446379542350769,0.7181394100189209,-0.23465222120285034
3,pose,17,-1,0.5903846025466919,0.7699142098426819,-0.2522881031036377
3,pose,18,-1,0.4443452060222626,0.7703905701637268,-0.270719438791275
3,pose,19,-1,0.5801713466644287,0.7672507762908936,-0.2877117991447449
3,pose,20,-1,0.4543512761592865,0.7649713754653931,-0.3113413453102112
3,pose,21,-1,0.5768146514892578,0.7488792538642883,-0.2221175879240036
3,pose,22,-1,0.4572886824607849,0.7480559945106506,-0.2513692080974579
3,pose,23,-1,0.5499057173728943,0.6969276070594788,-0.0029539333190768957
3,pose,24,-1,0.4788583815097809,0.697900116443634,0.0031612094026058912
3,pose,25,-1,0.5459664463996887,0.9507449865341187,-0.06205478683114052
3,pose,26,-1,0.48665574193000793,0.9451380968093872,0.02272019349038601
3,pose,27,-1,0.5473899841308594,1.1482888460159302,0.22396376729011536
3,pose,28,-1,0.492194265127182,1.1241569519042969,0.30648767948150635
3,pose,29,-1,0.5470860004425049,1.1719119548797607,0.24539636075496674
3,pose,30,-1,0.4944838285446167,1.1463403701782227,0.3305871784687042
3,pose,31,-1,0.5470463633537292,1.229990839958191,0.11533136665821075
3,pose,32,-1,0.4928317070007324,1.2037473917007446,0.190802201628685
4,hand,0,0,0.4395153224468231,0.7251536250114441,-1.0478535727997951e-07
4,hand,1,0,0.45287755131721497,0.7377548217773438,-0.005394113250076771
4,hand,2,0,0.46082237362861633,0.758734941482544,-0.007622476667165756
4,hand,3,0,0.46543291211128235,0.777904212474823,-0.008408098481595516
4,hand,4,0,0.46534621715545654,0.7881352305412292,-0.008139543235301971
4,hand,5,0,0.4425645172595978,0.7792561054229736,-0.008480376563966274
4,hand,6,0,0.45612671971321106,0.7989005446434021,-0.008776034228503704
4,hand,7,0,0.4595147967338562,0.787243664264679,-0.007268059533089399
4,hand,8,0,0.45764172077178955,0.7774982452392578,-0.0061601875349879265
4,hand,9,0,0.4363001585006714,0.7806186079978943,-0.005510377697646618
4,hand,10,0,0.45123082399368286,0.7971680760383606,-0.006621475797146559
4,hand,11,0,0.4550192058086395,0.7862236499786377,-0.00530424527823925
4,hand,12,0,0.45297178626060486,0.7784387469291687,-0.004374029114842415
4,hand,13,0,0.4330888092517853,0.7787517309188843,-0.0023566558957099915
4,hand,14,0,0.4470692574977875,0.7940642833709717,-0.004062223248183727
4,hand,15,0,0.4505711495876312,0.7848684787750244,-0.0026912072207778692
4,hand,16,0,0.44863611459732056,0.7768720984458923,-0.0015495900297537446
4,hand,17,0,0.43234142661094666,0.7759121060371399,0.0006347923190332949
4,hand,18,0,0.4435536563396454,0.7886414527893066,-0.0017097888048738241
4,hand,19,0,0.4465625286102295,0.7820588946342468,-0.0013267726171761751
4,hand,20,0,0.44504454731941223,0.7751091122627258,-0.0003635698521975428
4,hand,0,1,0.5860587358474731,0.7236636877059937,1.0318927223806895e-07
4,hand,1,1,0.5744500160217285,0.7347058057785034,-0.008326002396643162
4,hand,2,1,0.5687257647514343,0.7573853731155396,-0.01095142774283886
4,hand,3,1,0.5654771327972412,0.7806251049041748,-0.011711226776242256
4,hand,4,1,0.5625300407409668,0.799838662147522,-0.011610823683440685
4,hand,5,1,0.5854368805885315,0.77956223487854,-0.0061477478593587875
4,hand,6,1,0.577224612236023,0.8059822916984558,-0.007534163538366556
4,hand,7,1,0.5689716339111328,0.8095313906669617,-0.00846693105995655
4,hand,8,1,0.5631102323532104,0.8074293732643127,-0.008605364710092545
4,hand,9,1,0.5904024243354797,0.7806178331375122,-0.0016220802208408713
4,hand,10,1,0.5805788636207581,0.8042128086090088,-0.0026483158580958843
4,hand,11,1,0.5716293454170227,0.8067222833633423,-0.003766878042370081
4,hand,12,1,0.5648833513259888,0.8038256764411926,-0.004257674794644117
4,hand,13,1,0.5919297337532043,0.7788332104682922,0.002411931985989213
4,hand,14,1,0.5828181505203247,0.7987359166145325,0.0016352259553968906
4,hand,15,1,0.5745764970779419,0.8021735548973083,0.0004891993012279272
4,hand,16,1,0.5679576992988586,0.801395058631897,-0.0001521500525996089
4,hand,17,1,0.5911837220191956,0.7764441967010498,0.005820781923830509
4,hand,18,1,0.584300696849823,0.7932543158531189,0.004819382913410664
4,hand,19,1,0.5776315331459045,0.7974791526794434,0.004179733339697123
4,hand,20,1,0.5717319250106812,0.7978050112724304,0.004200848285108805
4,pose,0,-1,0.5089533925056458,0.19821467995643616,-0.3790898323059082
4,pose,1,-1,0.5187371373176575,0.17569804191589355,-0.35919487476348877
4,pose,2,-1,0.5238515138626099,0.17651614546775818,-0.35928502678871155
4,pose,3,-1,0.5280011892318726,0.17749013006687164,-0.35934868454933167
4,pose,4,-1,0.5018523931503296,0.17574550211429596,-0.3602212965488434
4,pose,5,-1,0.49669256806373596,0.1767270714044571,-0.36028116941452026
4,pose,6,-1,0.4918827712535858,0.17752225697040558,-0.36045706272125244
4,pose,7,-1,0.5361356735229492,0.19025471806526184,-0.2230609953403473
4,pose,8,-1,0.4879932105541229,0.18949465453624725,-0.22915346920490265
4,pose,9,-1,0.5204965472221375,0.22495324909687042,-0.3273082971572876
4,pose,10,-1,0.49931633472442627,0.22495076060295105,-0.32908865809440613
4,pose,11,-1,0.5813977122306824,0.3366183340549469,-0.13554391264915466
4,pose,12,-1,0.4480547606945038,0.33984869718551636,-0.15123821794986725
4,pose,13,-1,0.5948814153671265,0.5351172685623169,-0.07799507677555084
4,pose,14,-1,0.4351109564304352,0.5384940505027771,-0.11780308932065964
4,pose,15,-1,0.5868709087371826,0.7187787294387817,-0.20625117421150208
4,pose,16,-1,0.4447479844093323,0.7181991338729858,-0.23561495542526245
4,pose,17,-1,0.5905715823173523,0.770653486251831,-0.25263017416000366
4,pose,18,-1,0.4445977509021759,0.7707040905952454,-0.2728332281112671
4,pose,19,-1,0.5803670883178711,0.7680761218070984,-0.2887619435787201
4,pose,20,-1,0.4546419084072113,0.7660964131355286,-0.31421300768852234
4,pose,21,-1,0.5769349336624146,0.7496973872184753,-0.22200806438922882
4,pose,22,-1,0.4576919972896576,0.7488167881965637,-0.25273606181144714
4,pose,23,-1,0.5498488545417786,0.7002294659614563,-0.0007306642364710569
4,pose,24,-1,0.4784698188304901,0.7024547457695007,0.000931037007831037
4,pose,25,-1,0.5460945963859558,0.9540503621101379,-0.06831912696361542
4,pose,26,-1,0.4866977632045746,0.9510967135429382,0.004939026664942503
4,pose,27,-1,0.5473664999008179,1.1593023538589478,0.21069574356079102
4,pose,28,-1,0.4925193190574646,1.1360019445419312,0.2935739755630493
4,pose,29,-1,0.5470877885818481,1.1837029457092285,0.231099471449852
4,pose,30,-1,0.49456989765167236,1.1575161218643188,0.31764233112335205
4,pose,31,-1,0.5467595458030701,1.2393425703048706,0.09739898890256882
4,pose,32,-1,0.49521639943122864,1.215484857559204,0.17555242776870728
5,hand,0,0,0.4389552175998688,0.7253096699714661,-1.0514197157363014e-07
5,hand,1,0,0.45294997096061707,0.7375077605247498,-0.0049551548436284065
5,hand,2,0,0.46062999963760376,0.7578467130661011,-0.006975994445383549
5,hand,3,0,0.46492999792099,0.7761995196342468,-0.00768637377768755
5,hand,4,0,0.46544986963272095,0.7865033745765686,-0.007472934667021036
5,hand,5,0,0.44244417548179626,0.779849648475647,-0.008052276447415352
5,hand,6,0,0.4560832381248474,0.7992805242538452,-0.008525178767740726
5,hand,7,0,0.45945125818252563,0.7875991463661194,-0.007528511807322502
5,hand,8,0,0.45740067958831787,0.7780035734176636,-0.006802866235375404
5,hand,9,0,0.4360574781894684,0.7810720801353455,-0.00534039968624711
5,hand,10,0,0.4511786699295044,0.7976815104484558,-0.006521250586956739
5,hand,11,0,0.4549739360809326,0.786963164806366,-0.005512710195034742
5,hand,12,0,0.45266515016555786,0.7793713212013245,-0.004847248084843159
5,hand,13,0,0.4328211545944214,0.7790149450302124,-0.0024369258899241686
5,hand,14,0,0.446892648935318,0.7942820191383362,-0.0041281674057245255
5,hand,15,0,0.4504137337207794,0.7854510545730591,-0.002936204895377159
5,hand,16,0,0.4481762945652008,0.7778409123420715,-0.0019674906507134438
5,hand,17,0,0.4322306513786316,0.7760921716690063,0.0003220103681087494
5,hand,18,0,0.44334617257118225,0.788933515548706,-0.0018770769238471985
5,hand,19,0,0.4463903307914734,0.7824215292930603,-0.001460791565477848
5,hand,20,0,0.44469261169433594,0.7756068110466003,-0.000546380237210542
5,hand,0,1,0.5866427421569824,0.7242311835289001,1.0080138679313677e-07
5,hand,1,1,0.574530303478241,0.7352796196937561,-0.007521928288042545
5,hand,2,1,0.5683308243751526,0.7582409381866455,-0.009847558103501797
5,hand,3,1,0.5650746822357178,0.781436026096344,-0.010526447556912899
5,hand,4,1,0.5626617670059204,0.8003494739532471,-0.010368882678449154
5,hand,5,1,0.5851622223854065,0.7799745798110962,-0.005186965223401785
5,hand,6,1,0.5770885348320007,0.8061362504959106,-0.006562318652868271
5,hand,7,1,0.5689713954925537,0.8101150393486023,-0.007558595389127731
5,hand,8,1,0.5631693601608276,0.8087910413742065,-0.007783547975122929
5,hand,9,1,0.590369462966919,0.7807619571685791,-0.001235812553204596
5,hand,10,1,0.5806702971458435,0.8051575422286987,-0.0022380040027201176
5,hand,11,1,0.5717799067497253,0.8077835440635681,-0.003134610829874873
5,hand,12,1,0.565106987953186,0.805252194404602,-0.0034489689860492945
5,hand,13,1,0.5921285152435303,0.7787785530090332,0.002219363348558545
5,hand,14,1,0.582959771156311,0.7997141480445862,0.001379229943268001
5,hand,15,1,0.5747705101966858,0.8034730553627014,0.0006179277552291751
5,hand,16,1,0.5683608055114746,0.8030956983566284,0.0002637447614688426
5,hand,17,1,0.5915462970733643,0.776238739490509,0.005082141142338514
5,hand,18,1,0.5845140814781189,0.793749213218689,0.0041012330912053585
5,hand,19,1,0.5778299570083618,0.7981106638908386,0.003792787669226527
5,hand,20,1,0.5720786452293396,0.7986224293708801,0.0040530432015657425
5,pose,0,-1,0.5089146494865417,0.19834385812282562,-0.3802439272403717
5,pose,1,-1,0.5187228322029114,0.1758560836315155,-0.36006614565849304
5,pose,2,-1,0.5238527655601501,0.17665383219718933,-0.3601568937301636
5,pose,3,-1,0.527998685836792,0.17759284377098083,-0.3602239191532135
5,pose,4,-1,0.5018040537834167,0.17578186094760895,-0.36095017194747925
5,pose,5,-1,0.4966702461242676,0.17671704292297363,-0.3610055148601532
5,pose,6,-1,0.4918375611305237,0.1774776577949524,-0.3611699938774109
5,pose,7,-1,0.536148190498352,0.19056715071201324,-0.22335317730903625
5,pose,8,-1,0.4879778325557709,0.1894928365945816,-0.22854413092136383
5,pose,9,-1,0.5204648971557617,0.22532153129577637,-0.3282899260520935
5,pose,10,-1,0.49932006001472473,0.2253015786409378,-0.32980164885520935
5,pose,11,-1,0.5813096761703491,0.3371816575527191,-0.13269497454166412
5,pose,12,-1,0.4481090307235718,0.3401259779930115,-0.1511903554201126
5,pose,13,-1,0.5948905944824219,0.5366169214248657,-0.07479073107242584
5,pose,14,-1,0.4351118803024292,0.5390411019325256,-0.11696087568998337
5,pose,15,-1,0.5869136452674866,0.7191919088363647,-0.20577244460582733
5,pose,16,-1,0.4447583258152008,0.7184495329856873,-0.23658530414104462
5,pose,17,-1,0.5907101035118103,0.7712634205818176,-0.25261548161506653
5,pose,18,-1,0.4447869658470154,0.7713658809661865,-0.2746043801307678
5,pose,19,-1,0.5805204510688782,0.7685369253158569,-0.28904205560684204
5,pose,20,-1,0.45495614409446716,0.7673122882843018,-0.3164382576942444
5,pose,21,-1,0.5770207643508911,0.7500717639923096,-0.2217680662870407
5,pose,22,-1,0.4579477906227112,0.7495969533920288,-0.2540137469768524
5,pose,23,-1,0.5497792363166809,0.7002100348472595,0.0015064191538840532
5,pose,24,-1,0.4783671200275421,0.7029491662979126,-0.00132122659124434
5,pose,25,-1,0.5462803244590759,0.9574368000030518,-0.06932591646909714
5,pose,26,-1,0.4870518147945404,0.9540386199951172,-0.006353818811476231
5,pose,27,-1,0.5474026799201965,1.1656510829925537,0.20874041318893433
5,pose,28,-1,0.4928818941116333,1.1445003747940063,0.27733707427978516
5,pose,29,-1,0.5471892952919006,1.1905186176300049,0.22876566648483276
5,pose,30,-1,0.4947296380996704,1.1659197807312012,0.3004804253578186
5,pose,31,-1,0.5467401742935181,1.2447865009307861,0.09231938421726227
5,pose,32,-1,0.49701616168022156,1.224210262298584,0.15425273776054382
6,hand,0,0,0.43964871764183044,0.7248983383178711,-1.1136236821585044e-07
6,hand,1,0,0.4529751241207123,0.7382011413574219,-0.004998819436877966
6,hand,2,0,0.4606356620788574,0.7598775625228882,-0.006803749594837427
6,hand,3,0,0.4650998115539551,0.7788339257240295,-0.007121705450117588
6,hand,4,0,0.4650789499282837,0.7891181707382202,-0.00649084709584713
6,hand,5,0,0.4418483376502991,0.7793513536453247,-0.008798092603683472
6,hand,6,0,0.45561596751213074,0.7992302179336548,-0.008429843932390213
6,hand,7,0,0.45954713225364685,0.7883598804473877,-0.006361017934978008
6,hand,8,0,0.45838287472724915,0.7781310677528381,-0.00492072245106101
6,hand,9,0,0.43552228808403015,0.7804697751998901,-0.005722845904529095
6,hand,10,0,0.4509086310863495,0.7966076731681824,-0.006241893395781517
6,hand,11,0,0.4547048509120941,0.7862231731414795,-0.004801230505108833
6,hand,12,0,0.4530297815799713,0.7783746123313904,-0.00398132111877203
6,hand,13,0,0.43231508135795593,0.7784351110458374,-0.0023050338495522738
6,hand,14,0,0.4466484487056732,0.7933064699172974,-0.003441999899223447
6,hand,15,0,0.44995713233947754,0.7846168279647827,-0.0022663704585283995
6,hand,16,0,0.448388010263443,0.776549756526947,-0.0014946956653147936
6,hand,17,0,0.4318179488182068,0.7755630016326904,0.0010229481849819422
6,hand,18,0,0.4431154429912567,0.787743330001831,-0.0010500793578103185
6,hand,19,0,0.4460698962211609,0.781319260597229,-0.0008315353188663721
6,hand,20,0,0.4449513554573059,0.7744699716567993,-0.0001235391100635752
6,hand,0,1,0.5870201587677002,0.7233973145484924,9.994491989573362e-08
6,hand,1,1,0.5750468373298645,0.7344528436660767,-0.007200861349701881
6,hand,2,1,0.5686366558074951,0.7575730681419373,-0.009392526932060719
6,hand,3,1,0.5648555755615234,0.7802758812904358,-0.010052015073597431
6,hand,4,1,0.5626105070114136,0.7991182208061218,-0.009867854416370392
6,hand,5,1,0.5854182839393616,0.7800427079200745,-0.004549218807369471
6,hand,6,1,0.5770448446273804,0.8059045076370239,-0.005856539588421583
6,hand,7,1,0.5691046714782715,0.809843122959137,-0.006904349196702242
6,hand,8,1,0.5635027289390564,0.8079595565795898,-0.00713960500434041
6,hand,9,1,0.590423583984375,0.7808157205581665,-0.000797213171608746
6,hand,10,1,0.5807117819786072,0.8047838807106018,-0.001876304973848164
6,hand,11,1,0.5718703269958496,0.8075551986694336,-0.003046781523153186
6,hand,12,1,0.5652061700820923,0.8046571612358093,-0.0035073079634457827
6,hand,13,1,0.5921074748039246,0.7788962125778198,0.002471575979143381
6,hand,14,1,0.5829474329948425,0.7996798157691956,0.0016499088378623128
6,hand,15,1,0.5747403502464294,0.8036869168281555,0.0007162374095059931
6,hand,16,1,0.5683470964431763,0.8031989932060242,0.0002804928517434746
6,hand,17,1,0.5914528369903564,0.7764499187469482,0.005165042821317911
6,hand,18,1,0.5843814611434937,0.7941707372665405,0.004316046368330717
6,hand,19,1,0.5778858065605164,0.7989602088928223,0.003987515345215797
6,hand,20,1,0.5722888112068176,0.799760103225708,0.004220780450850725
6,pose,0,-1,0.5089715719223022,0.1985287368297577,-0.3742589056491852
6,pose,1,-1,0.5188020467758179,0.1760047972202301,-0.3534008860588074
6,pose,2,-1,0.5239266753196716,0.17677997052669525,-0.35349220037460327
6,pose,3,-1,0.52805095911026,0.17767946422100067,-0.35356223583221436
6,pose,4,-1,0.5018203854560852,0.1758381724357605,-0.3547131419181824
6,pose,5,-1,0.4966948628425598,0.17671585083007812,-0.35476118326187134
6,pose,6,-1,0.4918477237224579,0.17745721340179443,-0.35492709279060364
6,pose,7,-1,0.5362180471420288,0.19078505039215088,-0.21566647291183472
6,pose,8,-1,0.48795920610427856,0.18949183821678162,-0.22315753996372223
6,pose,9,-1,0.5204771161079407,0.22571003437042236,-0.3222287893295288
6,pose,10,-1,0.4994329512119293,0.22579225897789001,-0.32436227798461914
6,pose,11,-1,0.5811588168144226,0.3378654718399048,-0.1275639832019806
6,pose,12,-1,0.4481286108493805,0.34036561846733093,-0.14856277406215668
6,pose,13,-1,0.5949976444244385,0.5378430485725403,-0.07166954129934311
6,pose,14,-1,0.43511196970939636,0.5391582250595093,-0.11626870185136795
6,pose,15,-1,0.5869043469429016,0.7199702262878418,-0.20442642271518707
6,pose,16,-1,0.44475090503692627,0.718826949596405,-0.23692046105861664
6,pose,17,-1,0.5906945466995239,0.7721118927001953,-0.25233858823776245
6,pose,18,-1,0.44479742646217346,0.7719858884811401,-0.27562904357910156
6,pose,19,-1,0.580493688583374,0.7691498398780823,-0.2885887920856476
6,pose,20,-1,0.4550814926624298,0.768172562122345,-0.3172607421875
6,pose,21,-1,0.5769977569580078,0.7506944537162781,-0.2204790860414505
6,pose,22,-1,0.4581023156642914,0.7504497170448303,-0.2543131113052368
6,pose,23,-1,0.5496940612792969,0.7014907002449036,0.002863015281036496
6,pose,24,-1,0.4782972037792206,0.7044855952262878,-0.002667255699634552
6,pose,25,-1,0.5465657114982605,0.9580951929092407,-0.06850490719079971
6,pose,26,-1,0.48719900846481323,0.95396488904953,-0.0024303945247083902
6,pose,27,-1,0.5474221706390381,1.1634407043457031,0.21152101457118988
6,pose,28,-1,0.49319595098495483,1.1420204639434814,0.2891792356967926
6,pose,29,-1,0.5472276210784912,1.1877753734588623,0.2308935523033142
6,pose,30,-1,0.49504801630973816,1.1631001234054565,0.3129602074623108
6,pose,31,-1,0.5468452572822571,1.243120551109314,0.09265491366386414
6,pose,32,-1,0.49723973870277405,1.2215081453323364,0.16993308067321777
7,hand,0,0,0.43899428844451904,0.7255975008010864,-1.0756805579603679e-07
7,hand,1,0,0.45258796215057373,0.7379463315010071,-0.004948754794895649
7,hand,2,0,0.46038731932640076,0.7586278915405273,-0.00693256501108408
7,hand,3,0,0.4651719629764557,0.7774069905281067,-0.007600755430757999
7,hand,4,0,0.4656589925289154,0.7882011532783508,-0.007324429228901863
7,hand,5,0,0.44214141368865967,0.7800638675689697,-0.007919469848275185
7,hand,6,0,0.4556358754634857,0.799816906452179,-0.008272893726825714
7,hand,7,0,0.4594624936580658,0.7885922193527222,-0.007114095147699118
7,hand,8,0,0.45783567428588867,0.7787679433822632,-0.006248326972126961
7,hand,9,0,0.435883104801178,0.7813031077384949,-0.005140312016010284
7,hand,10,0,0.4509904086589813,0.7981640696525574,-0.006183436140418053
7,hand,11,0,0.4552030563354492,0.7873502969741821,-0.005049807485193014
7,hand,12,0,0.4531139135360718,0.7794245481491089,-0.0042761992663145065
7,hand,13,0,0.4327844977378845,0.7792580723762512,-0.0021690530702471733
7,hand,14,0,0.4468684792518616,0.7949629426002502,-0.0038357889279723167
7,hand,15,0,0.4508441686630249,0.785943865776062,-0.0026049939915537834
7,hand,16,0,0.4488920569419861,0.7780143618583679,-0.00157149916049093
7,hand,17,0,0.43232282996177673,0.7762108445167542,0.0006785406148992479
7,hand,18,0,0.44339993596076965,0.7894830107688904,-0.0014610826037824154
7,hand,19,0,0.44678792357444763,0.7830964922904968,-0.0009735198691487312
7,hand,20,0,0.4453979432582855,0.7760595083236694,2.0319474060670473e-05
7,hand,0,1,0.5864173173904419,0.7234117388725281,1.108434304342154e-07
7,hand,1,1,0.5742785930633545,0.7353381514549255,-0.007224044296890497
7,hand,2,1,0.5680723190307617,0.7583585381507874,-0.009451351128518581
7,hand,3,1,0.5646641850471497,0.7814856171607971,-0.010238409973680973
7,hand,4,1,0.5621239542961121,0.8002903461456299,-0.010251692496240139
7,hand,5,1,0.5853415131568909,0.7805825471878052,-0.003630026476457715
7,hand,6,1,0.5770316123962402,0.8057333827018738,-0.0048054857179522514
7,hand,7,1,0.5689801573753357,0.8097977042198181,-0.0061346860602498055
7,hand,8,1,0.5631799101829529,0.8085587024688721,-0.0066980463452637196
7,hand,9,1,0.5904837846755981,0.7810863256454468,7.485645619453862e-05
7,hand,10,1,0.5809823274612427,0.805118203163147,-0.0009078421862795949
7,hand,11,1,0.5722013115882874,0.8082289695739746,-0.002366152126342058
7,hand,12,1,0.5653706192970276,0.8058294653892517,-0.003084927098825574
7,hand,13,1,0.5922802090644836,0.7789709568023682,0.003252968890592456
7,hand,14,1,0.5834265947341919,0.7999094128608704,0.0025792676024138927
7,hand,15,1,0.5752679109573364,0.8045963644981384,0.0015936647541821003
7,hand,16,1,0.5686612129211426,0.8046311140060425,0.0010627062292769551
7,hand,17,1,0.5916679501533508,0.7762033939361572,0.005814114585518837
7,hand,18,1,0.5847722887992859,0.7939087152481079,0.0050389086827635765
7,hand,19,1,0.5782580971717834,0.7991746664047241,0.004744915757328272
7,hand,20,1,0.572482168674469,0.8003284931182861,0.0049881418235599995
7,pose,0,-1,0.5089227557182312,0.1987907886505127,-0.38260170817375183
7,pose,1,-1,0.5187830328941345,0.1761946976184845,-0.3627674877643585
7,pose,2,-1,0.5239278078079224,0.17694048583507538,-0.3628421723842621
7,pose,3,-1,0.5280460119247437,0.17782442271709442,-0.3629058003425598
7,pose,4,-1,0.5017808675765991,0.17596565186977386,-0.36337360739707947
7,pose,5,-1,0.496676504611969,0.1767394095659256,-0.363420695066452
7,pose,6,-1,0.4918091893196106,0.17746683955192566,-0.36359643936157227
7,pose,7,-1,0.5362369418144226,0.19116677343845367,-0.22736328840255737
7,pose,8,-1,0.4879356920719147,0.18955625593662262,-0.23161552846431732
7,pose,9,-1,0.5204358696937561,0.22620098292827606,-0.3312377631664276
7,pose,10,-1,0.49942559003829956,0.2263171374797821,-0.3325318694114685
7,pose,11,-1,0.5811036229133606,0.33842194080352783,-0.1411270797252655
7,pose,12,-1,0.44816720485687256,0.34041839838027954,-0.15233416855335236
7,pose,13,-1,0.5952455997467041,0.5381859540939331,-0.08314990997314453
7,pose,14,-1,0.4351290762424469,0.5394291281700134,-0.11623016744852066
7,pose,15,-1,0.586905300617218,0.7213631272315979,-0.2101709544658661
7,pose,16,-1,0.4447422921657562,0.71883624792099,-0.23801888525485992
7,pose,17,-1,0.590575635433197,0.7728868722915649,-0.25656166672706604
7,pose,18,-1,0.44472795724868774,0.7720589637756348,-0.27654749155044556
7,pose,19,-1,0.5803779363632202,0.7696670889854431,-0.29173749685287476
7,pose,20,-1,0.4550555646419525,0.7683324217796326,-0.31845346093177795
7,pose,21,-1,0.5769442915916443,0.7513298392295837,-0.22576528787612915
7,pose,22,-1,0.45809897780418396,0.7506009936332703,-0.25556376576423645
7,pose,23,-1,0.5496345162391663,0.7026885151863098,0.0027548286598175764
7,pose,24,-1,0.4780772626399994,0.7044695019721985,-0.0025177523493766785
7,pose,25,-1,0.5466480851173401,0.9598208069801331,-0.07240329682826996
7,pose,26,-1,0.4872058629989624,0.9529728889465332,0.008386233821511269
7,pose,27,-1,0.547457754611969,1.163826584815979,0.20116791129112244
7,pose,28,-1,0.4935690462589264,1.13908851146698,0.319989949464798
7,pose,29,-1,0.5475170612335205,1.1880459785461426,0.2208084911108017
7,pose,30,-1,0.49539831280708313,1.160077452659607,0.3460848927497864
7,pose,31,-1,0.546493411064148,1.2447669506072998,0.08593973517417908
7,pose,32,-1,0.4972032904624939,1.2189048528671265,0.20825795829296112
8,hand,0,0,0.43946677446365356,0.7256102561950684,-1.0591422494599101e-07
8,hand,1,0,0.4527231454849243,0.7387347221374512,-0.004608399700373411
8,hand,2,0,0.46049535274505615,0.7599343657493591,-0.006368988659232855
8,hand,3,0,0.4647762179374695,0.778654158115387,-0.00676167756319046
8,hand,4,0,0.46484705805778503,0.7880646586418152,-0.006243322044610977
8,hand,5,0,0.44275689125061035,0.7805160284042358,-0.007885077968239784
8,hand,6,0,0.455167293548584,0.7999396324157715,-0.007189164403825998
8,hand,7,0,0.4597407877445221,0.7906264662742615,-0.005090735852718353
8,hand,8,0,0.459418922662735,0.7815412282943726,-0.0037501936312764883
8,hand,9,0,0.43628251552581787,0.7813931703567505,-0.005094603635370731
8,hand,10,0,0.4506182372570038,0.7969165444374084,-0.005328760016709566
8,hand,11,0,0.4545724391937256,0.7873279452323914,-0.003953620325773954
8,hand,12,0,0.4531165063381195,0.7798703908920288,-0.0032169539481401443
8,hand,13,0,0.4327602982521057,0.7792616486549377,-0.0019531850703060627
8,hand,14,0,0.44634178280830383,0.793699324131012,-0.002822929760441184
8,hand,15,0,0.4497619867324829,0.7856584787368774,-0.0017214341787621379
8,hand,16,0,0.44841811060905457,0.7778968214988708,-0.0010541727533563972
8,hand,17,0,0.4318085014820099,0.776325523853302,0.0011085536098107696
8,hand,18,0,0.4426010847091675,0.7881423234939575,-0.0006301438552327454
8,hand,19,0,0.4456578493118286,0.7821078896522522,-0.000311255338601768
8,hand,20,0,0.4447515606880188,0.7754590511322021,0.0003998647443950176
8,hand,0,1,0.5863346457481384,0.7243111729621887,1.0090728608247446e-07
8,hand,1,1,0.5745217800140381,0.7347275018692017,-0.0075343637727200985
8,hand,2,1,0.5684081315994263,0.7575968503952026,-0.010028875432908535
8,hand,3,1,0.5648446083068848,0.7805900573730469,-0.010927778668701649
8,hand,4,1,0.5621753931045532,0.7994667291641235,-0.011028721928596497
8,hand,5,1,0.5850844383239746,0.7805349230766296,-0.00536024384200573
8,hand,6,1,0.5766712427139282,0.8063052296638489,-0.007096731103956699
8,hand,7,1,0.5685643553733826,0.8098939657211304,-0.008476046845316887
8,hand,8,1,0.562950611114502,0.8077269792556763,-0.008896204642951488
8,hand,9,1,0.590303361415863,0.7816289663314819,-0.0014956789091229439
8,hand,10,1,0.5804105997085571,0.805320143699646,-0.0027455855160951614
8,hand,11,1,0.5714287161827087,0.807826578617096,-0.004002977628260851
8,hand,12,1,0.5647584199905396,0.8048179149627686,-0.004579171072691679
8,hand,13,1,0.592136561870575,0.7798993587493896,0.0018832609057426453
8,hand,14,1,0.5828343033790588,0.8003872036933899,0.0010318629210814834
8,hand,15,1,0.5745723843574524,0.8043779730796814,0.00011549113696673885
8,hand,16,1,0.5681080222129822,0.8038833141326904,-0.0003968373639509082
8,hand,17,1,0.5915852189064026,0.7775080800056458,0.004662427119910717
8,hand,18,1,0.5843722224235535,0.794819712638855,0.0038163724821060896
8,hand,19,1,0.5777619481086731,0.7995377779006958,0.0035103464033454657
8,hand,20,1,0.5721396803855896,0.8002140522003174,0.0037190448492765427
8,pose,0,-1,0.5085645318031311,0.1990412026643753,-0.3780513107776642
8,pose,1,-1,0.518560528755188,0.17635796964168549,-0.3582458794116974
8,pose,2,-1,0.5238450169563293,0.17706196010112762,-0.3583296537399292
8,pose,3,-1,0.5279560685157776,0.17792551219463348,-0.3583929240703583
8,pose,4,-1,0.501549243927002,0.1760847270488739,-0.3580962121486664
8,pose,5,-1,0.4964969754219055,0.17676153779029846,-0.35814720392227173
8,pose,6,-1,0.49161070585250854,0.17747588455677032,-0.3583197295665741
8,pose,7,-1,0.5362392663955688,0.19139985740184784,-0.22412453591823578
8,pose,8,-1,0.4879176914691925,0.18958574533462524,-0.2248447984457016
8,pose,9,-1,0.5201582908630371,0.22656351327896118,-0.3272446095943451
8,pose,10,-1,0.49926552176475525,0.2266787588596344,-0.3275296986103058
8,pose,11,-1,0.5811020731925964,0.33863648772239685,-0.139850452542305
8,pose,12,-1,0.44818583130836487,0.34055855870246887,-0.14615179598331451
8,pose,13,-1,0.5955243706703186,0.5381326079368591,-0.08257223665714264
8,pose,14,-1,0.43512868881225586,0.5397571921348572,-0.11022134125232697
8,pose,15,-1,0.5869101881980896,0.7227233052253723,-0.20936061441898346
8,pose,16,-1,0.4447358548641205,0.719004213809967,-0.23161941766738892
8,pose,17,-1,0.5905104875564575,0.7738503217697144,-0.2565237879753113
8,pose,18,-1,0.44468942284584045,0.77229243516922,-0.27030181884765625
8,pose,19,-1,0.5802919268608093,0.7703760266304016,-0.2918696105480194
8,pose,20,-1,0.45505231618881226,0.7685708999633789,-0.3123317360877991
8,pose,21,-1,0.5769011974334717,0.75221848487854,-0.2247786968946457
8,pose,22,-1,0.4581041932106018,0.7508494257926941,-0.24923573434352875
8,pose,23,-1,0.5498039126396179,0.7032948732376099,0.0024322408717125654
8,pose,24,-1,0.4780670404434204,0.7053169012069702,-0.0022115621250122786
8,pose,25,-1,0.5468594431877136,0.9601497054100037,-0.07138548046350479
8,pose,26,-1,0.4871651530265808,0.9522372484207153,0.010183796286582947
8,pose,27,-1,0.5477409958839417,1.1618467569351196,0.20950773358345032
8,pose,28,-1,0.4938602149486542,1.1386375427246094,0.3205331861972809
8,pose,29,-1,0.5480444431304932,1.1858291625976562,0.23215124011039734
8,pose,30,-1,0.4957125782966614,1.159793496131897,0.346628874540329
8,pose,31,-1,0.5464938879013062,1.242952823638916,0.10384519398212433
8,pose,32,-1,0.4974222779273987,1.2176214456558228,0.20851543545722961
9,hand,0,0,0.4397844076156616,0.7257938385009766,-1.0715591969301386e-07
9,hand,1,0,0.4531295895576477,0.7392425537109375,-0.005307414103299379
9,hand,2,0,0.4607459008693695,0.7605382800102234,-0.007245069369673729
9,hand,3,0,0.4652321934700012,0.778740644454956,-0.00765527319163084
9,hand,4,0,0.46560707688331604,0.7882258892059326,-0.007091260980814695
9,hand,5,0,0.44164982438087463,0.7801740765571594,-0.008851680904626846
9,hand,6,0,0.4553704857826233,0.800244927406311,-0.008552989922463894
9,hand,7,0,0.4592486023902893,0.7892475128173828,-0.006644777487963438
9,hand,8,0,0.4578914940357208,0.7798307538032532,-0.005373002495616674
9,hand,9,0,0.43531370162963867,0.781141996383667,-0.005708880256861448
9,hand,10,0,0.45045045018196106,0.7979514002799988,-0.006362365558743477
9,hand,11,0,0.4543726146221161,0.7876712679862976,-0.004998853430151939
9,hand,12,0,0.45254790782928467,0.7801653742790222,-0.004195882473140955
9,hand,13,0,0.43210312724113464,0.7790889143943787,-0.0022624603006988764
9,hand,14,0,0.4461478590965271,0.7943986058235168,-0.0034393351525068283
9,hand,15,0,0.4496624171733856,0.7860710024833679,-0.002270100172609091
9,hand,16,0,0.4479259252548218,0.7783975601196289,-0.0014781455975025892
9,hand,17,0,0.4315396249294281,0.7762459516525269,0.0010447695385664701
9,hand,18,0,0.44245585799217224,0.7887560725212097,-0.0009868930792436004
9,hand,19,0,0.44555288553237915,0.7826380133628845,-0.0007528942660428584
9,hand,20,0,0.44431450963020325,0.7759431600570679,-3.729106538230553e-05
9,hand,0,1,0.5858806371688843,0.7247105836868286,1.0235240210931806e-07
9,hand,1,1,0.5740569233894348,0.7359113693237305,-0.007336861919611692
9,hand,2,1,0.5679621696472168,0.7584219574928284,-0.009831025265157223
9,hand,3,1,0.5644179582595825,0.7813828587532043,-0.010737575590610504
9,hand,4,1,0.5615260601043701,0.8001219630241394,-0.010839677415788174
9,hand,5,1,0.5847309827804565,0.7809185981750488,-0.005135532934218645
9,hand,6,1,0.5762237906455994,0.806969165802002,-0.0064979554153978825
9,hand,7,1,0.5681557059288025,0.8100517392158508,-0.007568384986370802
9,hand,8,1,0.5627102255821228,0.8077539205551147,-0.00784483551979065
9,hand,9,1,0.5902597308158875,0.7814314961433411,-0.0012782398844137788
9,hand,10,1,0.5803332924842834,0.8055499196052551,-0.002308132126927376
9,hand,11,1,0.5713792443275452,0.8075276613235474,-0.003421917324885726
9,hand,12,1,0.5648775696754456,0.8040741086006165,-0.003925243858247995
9,hand,13,1,0.5923552513122559,0.7790672779083252,0.002147554187104106
9,hand,14,1,0.5831186175346375,0.7999524474143982,0.0015003905864432454
9,hand,15,1,0.574806272983551,0.8033603429794312,0.0006990884430706501
9,hand,16,1,0.568426251411438,0.8021941184997559,0.00022372826060745865
9,hand,17,1,0.5920190811157227,0.7761088013648987,0.00499771861359477
9,hand,18,1,0.5850446224212646,0.7935551404953003,0.004169111140072346
9,hand,19,1,0.5782822370529175,0.797753632068634,0.003895081114023924
9,hand,20,1,0.572579562664032,0.7978582978248596,0.00412920955568552
9,pose,0,-1,0.5083556771278381,0.1990496963262558,-0.38686519861221313
9,pose,1,-1,0.5184890031814575,0.1763685643672943,-0.3669818043708801
9,pose,2,-1,0.5238223671913147,0.17706720530986786,-0.36705929040908813
9,pose,3,-1,0.5279273390769958,0.17793045938014984,-0.36712396144866943
9,pose,4,-1,0.5014322400093079,0.1760898381471634,-0.36579450964927673
9,pose,5,-1,0.4964089095592499,0.17673929035663605,-0.3658432364463806
9,pose,6,-1,0.49151697754859924,0.17743462324142456,-0.36600738763809204
9,pose,7,-1,0.5362409353256226,0.19140556454658508,-0.23100045323371887
9,pose,8,-1,0.4879142940044403,0.18951259553432465,-0.22563844919204712
9,pose,9,-1,0.5199766159057617,0.22659160196781158,-0.33578771352767944
9,pose,10,-1,0.49916598200798035,0.22669100761413574,-0.33487504720687866
9,pose,11,-1,0.5810983777046204,0.3387153148651123,-0.15155646204948425
9,pose,12,-1,0.44825994968414307,0.3405688405036926,-0.15042972564697266
9,pose,13,-1,0.5958271026611328,0.537935197353363,-0.09311886131763458
9,pose,14,-1,0.4351448714733124,0.5397859215736389,-0.1148727759718895
9,pose,15,-1,0.5868709087371826,0.7229594588279724,-0.21670082211494446
9,pose,16,-1,0.44473639130592346,0.7190084457397461,-0.2338230162858963
9,pose,17,-1,0.5903089046478271,0.7740541696548462,-0.26481103897094727
9,pose,18,-1,0.44468796253204346,0.7722982168197632,-0.2706395983695984
9,pose,19,-1,0.5801160335540771,0.770520806312561,-0.30170685052871704
9,pose,20,-1,0.4550543427467346,0.768661379814148,-0.3137216567993164
9,pose,21,-1,0.5767958164215088,0.7523287534713745,-0.23244042694568634
9,pose,22,-1,0.4581201374530792,0.7509640455245972,-0.2507331669330597
9,pose,23,-1,0.5498389005661011,0.7026206851005554,0.0003945361531805247
9,pose,24,-1,0.47806617617607117,0.704679012298584,-0.00016501854406669736
9,pose,25,-1,0.546892523765564,0.9597133994102478,-0.07084234803915024
9,pose,26,-1,0.4871464967727661,0.952094316482544,0.01117787603288889
9,pose,27,-1,0.5477420091629028,1.1600439548492432,0.2221575528383255
9,pose,28,-1,0.4938904941082001,1.1377547979354858,0.33292800188064575
9,pose,29,-1,0.548093855381012,1.183518409729004,0.24618437886238098
9,pose,30,-1,0.4959601163864136,1.159600853919983,0.3606465756893158
9,pose,31,-1,0.5463936924934387,1.2406706809997559,0.12193678319454193
9,pose,32,-1,0.4973199963569641,1.2166327238082886,0.22808028757572174
10,hand,0,0,0.4386245012283325,0.7262094020843506,-1.0601344513361255e-07
10,hand,1,0,0.4519362151622772,0.7383335828781128,-0.005117321852594614
10,hand,2,0,0.45954370498657227,0.7586999535560608,-0.0071757580153644085
10,hand,3,0,0.464127779006958,0.7774074673652649,-0.007822721265256405
10,hand,4,0,0.4647061824798584,0.7888656258583069,-0.007524877320975065
10,hand,5,0,0.441755086183548,0.7799460887908936,-0.008486385457217693
10,hand,6,0,0.45512133836746216,0.8000756502151489,-0.008610169403254986
10,hand,7,0,0.458805650472641,0.7891777753829956,-0.007167153526097536
10,hand,8,0,0.4571564495563507,0.7794029116630554,-0.006129960995167494
10,hand,9,0,0.4356635808944702,0.7811521887779236,-0.005529673770070076
10,hand,10,0,0.4504425525665283,0.798168420791626,-0.006392907816916704
10,hand,11,0,0.45426058769226074,0.788118839263916,-0.005224743392318487
10,hand,12,0,0.45225995779037476,0.7801885604858398,-0.004495500586926937
10,hand,13,0,0.4325544536113739,0.7791124582290649,-0.0023239885922521353
10,hand,14,0,0.44621357321739197,0.7947297692298889,-0.00378789403475821
10,hand,15,0,0.44975346326828003,0.7861796021461487,-0.0026664589531719685
10,hand,16,0,0.447935551404953,0.7781999111175537,-0.0018010225612670183
10,hand,17,0,0.431904673576355,0.7762190699577332,0.0007534322212450206
10,hand,18,0,0.442754328250885,0.7890023589134216,-0.001412812853232026
10,hand,19,0,0.4458879828453064,0.7826078534126282,-0.0011450819438323379
10,hand,20,0,0.44459015130996704,0.7756518125534058,-0.0003438405110500753
10,hand,0,1,0.5859525799751282,0.7232664823532104,1.0479606515900741e-07
10,hand,1,1,0.5739507675170898,0.7343956232070923,-0.008206489495933056
10,hand,2,1,0.567820131778717,0.7581591010093689,-0.010954821482300758
10,hand,3,1,0.5642367601394653,0.7817168831825256,-0.011872162111103535
10,hand,4,1,0.5608330368995667,0.8009526133537292,-0.011963666416704655
10,hand,5,1,0.5847610831260681,0.7807482481002808,-0.006163398269563913
10,hand,6,1,0.5762593746185303,0.8068756461143494,-0.007581269834190607
10,hand,7,1,0.5680983066558838,0.8103517889976501,-0.008566873148083687
10,hand,8,1,0.5623679757118225,0.8083144426345825,-0.008782943710684776
10,hand,9,1,0.5903596878051758,0.7815238833427429,-0.0018451865762472153
10,hand,10,1,0.5801659226417542,0.8052724003791809,-0.002929855138063431
10,hand,11,1,0.5710840225219727,0.8075697422027588,-0.003941171802580357
10,hand,12,1,0.5642848014831543,0.8046982288360596,-0.004338250495493412
10,hand,13,1,0.592385470867157,0.7792887687683105,0.0019995367620140314
10,hand,14,1,0.5828133821487427,0.7997366786003113,0.0012642535148188472
10,hand,15,1,0.5743860602378845,0.8032189607620239,0.0004195778165012598
10,hand,16,1,0.5677810907363892,0.8026143312454224,-6.936794670764357e-05
10,hand,17,1,0.5919030904769897,0.7762439846992493,0.005209020338952541
10,hand,18,1,0.5845955014228821,0.7934144735336304,0.0042554643005132675
10,hand,19,1,0.5778037309646606,0.7975857257843018,0.0038790099788457155
10,hand,20,1,0.5719865560531616,0.7981166243553162,0.004068287555128336
10,pose,0,-1,0.5080088973045349,0.19905808568000793,-0.38937753438949585
10,pose,1,-1,0.5182656049728394,0.1763738989830017,-0.3699236810207367
10,pose,2,-1,0.5237189531326294,0.17707359790802002,-0.3699987530708313
10,pose,3,-1,0.5278424024581909,0.17793044447898865,-0.3700680434703827
10,pose,4,-1,0.5012015700340271,0.1760939210653305,-0.3691853880882263
10,pose,5,-1,0.4962318241596222,0.17672763764858246,-0.3692348599433899
10,pose,6,-1,0.49135586619377136,0.17741522192955017,-0.3694041967391968
10,pose,7,-1,0.5362282395362854,0.1914036124944687,-0.2353389412164688
10,pose,8,-1,0.4879094660282135,0.18949159979820251,-0.23295360803604126
10,pose,9,-1,0.5196934938430786,0.22660742700099945,-0.338467001914978
10,pose,10,-1,0.4990110695362091,0.2266903519630432,-0.3380942642688751
10,pose,11,-1,0.5810825824737549,0.33875733613967896,-0.15335245430469513
10,pose,12,-1,0.44830819964408875,0.34058043360710144,-0.1539965718984604
10,pose,13,-1,0.5959094166755676,0.5375311374664307,-0.09425564855337143
10,pose,14,-1,0.4351464807987213,0.5398150086402893,-0.11686214804649353
10,pose,15,-1,0.5867908000946045,0.7229771614074707,-0.217067688703537
10,pose,16,-1,0.4447261691093445,0.7189977169036865,-0.2358199656009674
10,pose,17,-1,0.5901237726211548,0.7741143107414246,-0.2647857367992401
10,pose,18,-1,0.4446876645088196,0.7722952365875244,-0.2727788984775543
10,pose,19,-1,0.5799863338470459,0.7705508470535278,-0.301642507314682
10,pose,20,-1,0.4550737738609314,0.7686731219291687,-0.31525230407714844
10,pose,21,-1,0.5767118334770203,0.7523333430290222,-0.23273779451847076
10,pose,22,-1,0.45813146233558655,0.7509894967079163,-0.2528766691684723
10,pose,23,-1,0.5497779250144958,0.7020989060401917,0.00020554476941470057
10,pose,24,-1,0.477987676858902,0.7042437791824341,1.7086149455280975e-05
10,pose,25,-1,0.5470522046089172,0.9594271183013916,-0.07012925297021866
10,pose,26,-1,0.48716503381729126,0.9516400098800659,0.011192934587597847
10,pose,27,-1,0.5477645397186279,1.1579360961914062,0.22644251585006714
10,pose,28,-1,0.49412262439727783,1.13596510887146,0.33466845750808716
10,pose,29,-1,0.5481224656105042,1.181210994720459,0.250339537858963
10,pose,30,-1,0.49638068675994873,1.1559958457946777,0.3627781569957733
10,pose,31,-1,0.5464813709259033,1.2382299900054932,0.12614911794662476
10,pose,32,-1,0.4971673786640167,1.2138564586639404,0.23158372938632965
11,hand,0,0,0.4386845529079437,0.7263487577438354,-1.0705256414667019e-07
11,hand,1,0,0.45205456018447876,0.7384037375450134,-0.005124242976307869
11,hand,2,0,0.4594392776489258,0.7590214014053345,-0.007037395145744085
11,hand,3,0,0.4635830819606781,0.7775987982749939,-0.007542240433394909
11,hand,4,0,0.46408766508102417,0.7872139811515808,-0.007111016660928726
11,hand,5,0,0.44129446148872375,0.7807520627975464,-0.008406393229961395
11,hand,6,0,0.45500242710113525,0.8000333309173584,-0.008588631637394428
11,hand,7,0,0.45832687616348267,0.7882062196731567,-0.007276883348822594
11,hand,8,0,0.45617854595184326,0.7787899374961853,-0.006385582033544779
11,hand,9,0,0.43511849641799927,0.7818464636802673,-0.00551098957657814
11,hand,10,0,0.45034894347190857,0.7977069616317749,-0.006565654184669256
11,hand,11,0,0.4539475440979004,0.7868762016296387,-0.005461198277771473
11,hand,12,0,0.45149484276771545,0.7794066071510315,-0.004740405362099409
11,hand,13,0,0.4321748614311218,0.7796315550804138,-0.002383157843723893
11,hand,14,0,0.4462502896785736,0.7941098213195801,-0.004032410681247711
11,hand,15,0,0.4495615065097809,0.7852636575698853,-0.002909380476921797
11,hand,16,0,0.44717904925346375,0.7777599692344666,-0.00199278537184
11,hand,17,0,0.4318715035915375,0.7766112685203552,0.0006159584154374897
11,hand,18,0,0.4430014491081238,0.7890869379043579,-0.0016323133604601026
11,hand,19,0,0.4460037648677826,0.78260737657547,-0.0013061683857813478
11,hand,20,0,0.44431671500205994,0.7757856845855713,-0.0004412983253132552
11,hand,0,1,0.5856386423110962,0.7235478162765503,9.834534608899048e-08
11,hand,1,1,0.5735460519790649,0.7353212237358093,-0.007943878881633282
11,hand,2,1,0.5674483180046082,0.7584201693534851,-0.010556675493717194
11,hand,3,1,0.5641354322433472,0.781684398651123,-0.011475582607090473
11,hand,4,1,0.5608222484588623,0.8006451725959778,-0.011510446667671204
11,hand,5,1,0.5845816731452942,0.7811557054519653,-0.0055298032239079475
11,hand,6,1,0.5763353109359741,0.8074487447738647,-0.0072198412381112576
11,hand,7,1,0.568095326423645,0.8102279305458069,-0.008438621647655964
11,hand,8,1,0.5625121593475342,0.807349681854248,-0.008724446408450603
11,hand,9,1,0.5900804996490479,0.7815779447555542,-0.001397663145326078
11,hand,10,1,0.5802413821220398,0.805635929107666,-0.00274892570450902
11,hand,11,1,0.57118821144104,0.8074705004692078,-0.003921149298548698
11,hand,12,1,0.5645478367805481,0.8039454221725464,-0.0043486920185387135
11,hand,13,1,0.5920121669769287,0.7792348265647888,0.0022012735716998577
11,hand,14,1,0.5827478766441345,0.799803614616394,0.0011341982753947377
11,hand,15,1,0.5744292140007019,0.8029199242591858,0.00017071930051315576
11,hand,16,1,0.5679867267608643,0.8017823696136475,-0.00025785784237086773
11,hand,17,1,0.5914780497550964,0.7763308882713318,0.005181272514164448
11,hand,18,1,0.5844611525535583,0.79393470287323,0.0040381308645009995
11,hand,19,1,0.5777533650398254,0.7979249954223633,0.003605394624173641
11,hand,20,1,0.5719966888427734,0.7980208396911621,0.003825895255431533
11,pose,0,-1,0.5078741908073425,0.19909119606018066,-0.3910425007343292
11,pose,1,-1,0.5181781649589539,0.17639395594596863,-0.37181347608566284
11,pose,2,-1,0.5236827731132507,0.17708367109298706,-0.37188661098480225
11,pose,3,-1,0.5278040766716003,0.17793378233909607,-0.3719559609889984
11,pose,4,-1,0.5011003017425537,0.17610599100589752,-0.3712230920791626
11,pose,5,-1,0.49616244435310364,0.1767207831144333,-0.3712722361087799
11,pose,6,-1,0.49128589034080505,0.1773977279663086,-0.3714417517185211
11,pose,7,-1,0.5362293720245361,0.19140641391277313,-0.23776720464229584
11,pose,8,-1,0.48790445923805237,0.18945200741291046,-0.23654459416866302
11,pose,9,-1,0.5195524096488953,0.22664599120616913,-0.3402203321456909
11,pose,10,-1,0.4989475607872009,0.22671008110046387,-0.3400355577468872
11,pose,11,-1,0.581084132194519,0.33884358406066895,-0.1542917639017105
11,pose,12,-1,0.4483431279659271,0.3405912220478058,-0.1557462513446808
11,pose,13,-1,0.5960504412651062,0.5370579361915588,-0.09307436645030975
11,pose,14,-1,0.4351511597633362,0.5398921370506287,-0.11821485310792923
11,pose,15,-1,0.5866223573684692,0.7229675650596619,-0.21247373521327972
11,pose,16,-1,0.4447161555290222,0.7190278172492981,-0.23641900718212128
11,pose,17,-1,0.5899088978767395,0.7741036415100098,-0.2587788701057434
11,pose,18,-1,0.444662868976593,0.7723190784454346,-0.27386441826820374
11,pose,19,-1,0.5798438787460327,0.770542323589325,-0.2956555187702179
11,pose,20,-1,0.4550725221633911,0.7687211632728577,-0.3160596191883087
11,pose,21,-1,0.5766004920005798,0.7523211240768433,-0.22803622484207153
11,pose,22,-1,0.4581306278705597,0.7510868310928345,-0.2536872923374176
11,pose,23,-1,0.5497754216194153,0.702039897441864,0.00031046109506860375
11,pose,24,-1,0.4779491722583771,0.7039564251899719,-9.979776223190129e-05
11,pose,25,-1,0.5471395254135132,0.95853191614151,-0.059363286942243576
11,pose,26,-1,0.48715275526046753,0.9512928128242493,0.008788336999714375
11,pose,27,-1,0.5472031235694885,1.1515724658966064,0.24198120832443237
11,pose,28,-1,0.49394556879997253,1.1334996223449707,0.3279460668563843
11,pose,29,-1,0.5473998188972473,1.1741820573806763,0.2657431662082672
11,pose,30,-1,0.49617093801498413,1.1521596908569336,0.3565021753311157
11,pose,31,-1,0.5458389520645142,1.2323142290115356,0.1431208699941635
11,pose,32,-1,0.4970712959766388,1.2122859954833984,0.2276144027709961
12,hand,0,0,0.4384055435657501,0.7261331081390381,-1.103974724969703e-07
12,hand,1,0,0.4521442949771881,0.7383309602737427,-0.005137323867529631
12,hand,2,0,0.4599534869194031,0.760093629360199,-0.0069533539935946465
12,hand,3,0,0.4640383720397949,0.7797116637229919,-0.0072891381569206715
12,hand,4,0,0.46326038241386414,0.7891526222229004,-0.006607964634895325
12,hand,5,0,0.44102948904037476,0.7791193723678589,-0.008536776527762413
12,hand,6,0,0.4545026123523712,0.7992379069328308,-0.008430172689259052
12,hand,7,0,0.4579015076160431,0.787455141544342,-0.006645691581070423
12,hand,8,0,0.4559219479560852,0.778076708316803,-0.005472767632454634
12,hand,9,0,0.4348265826702118,0.780708372592926,-0.005557332653552294
12,hand,10,0,0.45030200481414795,0.7977055311203003,-0.0063910274766385555
12,hand,11,0,0.4539314806461334,0.7866798639297485,-0.004881116095930338
12,hand,12,0,0.45140478014945984,0.7793305516242981,-0.0039067394100129604
12,hand,13,0,0.4317832887172699,0.7792981863021851,-0.002336199162527919
12,hand,14,0,0.4463537931442261,0.7947885990142822,-0.003702083369717002
12,hand,15,0,0.4496411979198456,0.7854986786842346,-0.002274781931191683
12,hand,16,0,0.44720926880836487,0.778077244758606,-0.001243983511812985
12,hand,17,0,0.43129709362983704,0.7768593430519104,0.0007290222565643489
12,hand,18,0,0.44258686900138855,0.7894615530967712,-0.0012713115429505706
12,hand,19,0,0.4456429183483124,0.78260737657547,-0.0008770364802330732
12,hand,20,0,0.4440515339374542,0.7757595181465149,-5.6468859838787466e-05
12,hand,0,1,0.5853540897369385,0.7243410348892212,9.414640089744353e-08
12,hand,1,1,0.5731001496315002,0.7362256646156311,-0.007209455128759146
12,hand,2,1,0.5676127672195435,0.7589870095252991,-0.00960570853203535
12,hand,3,1,0.564293384552002,0.7819669246673584,-0.010502096265554428
12,hand,4,1,0.5605978965759277,0.8003478050231934,-0.01056708488613367
12,hand,5,1,0.5840247273445129,0.7816159725189209,-0.004698755219578743
12,hand,6,1,0.5757908821105957,0.8070070743560791,-0.006236559245735407
12,hand,7,1,0.5678027868270874,0.8096763491630554,-0.007458022329956293
12,hand,8,1,0.5624047517776489,0.8071830868721008,-0.007868555374443531
12,hand,9,1,0.5896508693695068,0.782121479511261,-0.0010161331156268716
12,hand,10,1,0.5798791646957397,0.8056997656822205,-0.002174653112888336
12,hand,11,1,0.5708773136138916,0.8075361847877502,-0.0032053147442638874
12,hand,12,1,0.5642805099487305,0.8043069839477539,-0.0036394770722836256
12,hand,13,1,0.5918102264404297,0.7796916961669922,0.002161675365641713
12,hand,14,1,0.5825146436691284,0.8002076148986816,0.001258073141798377
12,hand,15,1,0.5741906762123108,0.8035662174224854,0.0005137984990142286
12,hand,16,1,0.5677637457847595,0.8025290369987488,0.000133735200506635
12,hand,17,1,0.5915051698684692,0.776474118232727,0.004752404987812042
12,hand,18,1,0.5844102501869202,0.7936517596244812,0.0036915226373821497
12,hand,19,1,0.5777719020843506,0.7978619337081909,0.003401760244742036
12,hand,20,1,0.5721443295478821,0.7980207204818726,0.0036695499438792467
12,pose,0,-1,0.5078025460243225,0.1991664171218872,-0.38457411527633667
12,pose,1,-1,0.5180983543395996,0.17643840610980988,-0.3654415011405945
12,pose,2,-1,0.5236412286758423,0.17711491882801056,-0.3655170798301697
12,pose,3,-1,0.5277494788169861,0.17795482277870178,-0.3655802607536316
12,pose,4,-1,0.5010281801223755,0.17614872753620148,-0.3648532032966614
12,pose,5,-1,0.49611392617225647,0.17672662436962128,-0.36489948630332947
12,pose,6,-1,0.49123504757881165,0.17740276455879211,-0.36506450176239014
12,pose,7,-1,0.536218523979187,0.19143788516521454,-0.23226037621498108
12,pose,8,-1,0.48790132999420166,0.18946708738803864,-0.23123711347579956
12,pose,9,-1,0.5194839239120483,0.22667336463928223,-0.33401021361351013
12,pose,10,-1,0.498905748128891,0.22676189243793488,-0.3337548077106476
12,pose,11,-1,0.5810912847518921,0.3388734459877014,-0.1471344381570816
12,pose,12,-1,0.44841018319129944,0.3405631184577942,-0.15170104801654816
12,pose,13,-1,0.5961807370185852,0.5369572043418884,-0.08583156764507294
12,pose,14,-1,0.4351497292518616,0.5399051308631897,-0.11567369103431702
12,pose,15,-1,0.5865945219993591,0.7231982350349426,-0.20585565268993378
12,pose,16,-1,0.4446137249469757,0.7190150022506714,-0.23482051491737366
12,pose,17,-1,0.5897804498672485,0.7742733359336853,-0.25224974751472473
12,pose,18,-1,0.44460850954055786,0.7723215818405151,-0.2729111611843109
12,pose,19,-1,0.5797301530838013,0.7705820202827454,-0.2886704206466675
12,pose,20,-1,0.45506927371025085,0.7687176465988159,-0.3152366578578949
12,pose,21,-1,0.576522171497345,0.7524006962776184,-0.22127726674079895
12,pose,22,-1,0.4580974578857422,0.7510871887207031,-0.2523690164089203
12,pose,23,-1,0.5497394800186157,0.7016749382019043,0.00024385511642321944
12,pose,24,-1,0.47781485319137573,0.7036864757537842,-3.643644959083758e-05
12,pose,25,-1,0.547168493270874,0.9582731127738953,-0.059592459350824356
12,pose,26,-1,0.48718705773353577,0.9514046907424927,0.009000220336019993
12,pose,27,-1,0.5469710230827332,1.154158353805542,0.2327597290277481
12,pose,28,-1,0.49378713965415955,1.1359950304031372,0.31476134061813354
12,pose,29,-1,0.5470696091651917,1.1775137186050415,0.2550548017024994
12,pose,30,-1,0.4959087669849396,1.1562072038650513,0.340811550617218
12,pose,31,-1,0.5455836057662964,1.234663724899292,0.13106639683246613
12,pose,32,-1,0.4968695044517517,1.2145638465881348,0.20739831030368805
